Rk,Gtm,Date,Location,OppName,Type,Rslt,TmScore,OppScore,OT,FG,FGA,FG%,3P,3PA,3P%,2P,2PA,2P%,eFG%,FT,FTA,FT%,ORB,DRB,TRB,AST,STL,BLK,TOV,PF,Opp-FG,Opp-FGA,Opp-FG%,Opp-3P,Opp-3PA,Opp-3P%,Opp-2P,Opp-2PA,Opp-2P%,Opp-eFG%,Opp-FT,Opp-FTA,Opp-FT%,Opp-ORB,Opp-DRB,Opp-TRB,Opp-AST,Opp-STL,Opp-BLK,Opp-TOV,Opp-PF,ORtg,DRtg,Pace,FTr,3PAr,TS%,TRB%,AST%,STL%,BLK%,O4-eFG%,O4-TOV%,O4-ORB%,O4-FT/FGA,D4-eFG%,D4-TOV%,D4-ORB%,D4-FT/FGA
1.0,1.0,2023-11-06,@,Illinois,REG (Non-Conf),L,52.0,80.0,,20.0,69.0,0.29,4.0,11.0,0.364,16.0,58.0,0.276,0.319,8.0,16.0,0.5,10.0,24.0,34.0,7.0,4.0,2.0,7.0,22.0,29.0,58.0,0.5,10.0,31.0,0.323,19.0,27.0,0.704,0.586,12.0,23.0,0.522,8.0,38.0,46.0,15.0,4.0,5.0,12.0,13.0,71.0,109.2,73.3,0.232,0.159,0.339,42.5,35.0,5.5,7.4,0.319,8.4,20.8,0.116,0.586,14.8,25.0,0.207
2.0,2.0,2023-11-08,,Monmouth (IL),REG (Non-Conf),W,91.0,45.0,,35.0,71.0,0.493,9.0,24.0,0.375,26.0,47.0,0.553,0.556,12.0,16.0,0.75,17.0,26.0,43.0,20.0,13.0,2.0,10.0,13.0,18.0,49.0,0.367,6.0,18.0,0.333,12.0,31.0,0.387,0.429,3.0,3.0,1.0,4.0,16.0,20.0,12.0,5.0,5.0,22.0,16.0,130.0,64.3,70.0,0.225,0.338,0.579,68.3,57.1,18.6,6.5,0.556,11.3,51.5,0.169,0.429,30.4,13.3,0.061
3.0,3.0,2023-11-11,@,Loyola Chicago,REG (Non-Conf),L,65.0,89.0,,24.0,69.0,0.348,6.0,16.0,0.375,18.0,53.0,0.34,0.391,11.0,15.0,0.733,11.0,19.0,30.0,9.0,6.0,1.0,10.0,11.0,32.0,54.0,0.593,12.0,31.0,0.387,20.0,23.0,0.87,0.704,13.0,17.0,0.765,2.0,28.0,30.0,23.0,4.0,9.0,10.0,14.0,89.5,122.6,72.6,0.217,0.232,0.427,50.0,37.5,8.3,4.3,0.391,11.6,28.2,0.159,0.704,13.9,9.5,0.241
4.0,4.0,2023-11-15,@,Illinois State,REG (Non-Conf),L,61.0,69.0,,22.0,57.0,0.386,6.0,20.0,0.3,16.0,37.0,0.432,0.439,11.0,13.0,0.846,12.0,18.0,30.0,9.0,3.0,5.0,11.0,23.0,23.0,56.0,0.411,6.0,19.0,0.316,17.0,37.0,0.459,0.464,17.0,26.0,0.654,13.0,23.0,36.0,11.0,5.0,2.0,6.0,14.0,98.8,111.7,61.8,0.228,0.351,0.483,45.5,40.9,4.9,13.5,0.439,14.8,34.3,0.193,0.464,8.1,41.9,0.304
5.0,5.0,2023-11-18,N,Coppin State,REG (Non-Conf),W,48.0,46.0,,18.0,40.0,0.45,5.0,14.0,0.357,13.0,26.0,0.5,0.513,7.0,10.0,0.7,5.0,24.0,29.0,11.0,7.0,3.0,17.0,13.0,16.0,49.0,0.327,4.0,19.0,0.211,12.0,30.0,0.4,0.367,10.0,14.0,0.714,10.0,17.0,27.0,8.0,13.0,3.0,14.0,14.0,82.5,79.0,58.2,0.25,0.35,0.536,51.8,61.1,12.0,10.0,0.513,27.5,22.7,0.175,0.367,20.1,29.4,0.204
6.0,6.0,2023-11-19,@,Miami (OH),REG (Non-Conf),L,64.0,76.0,,25.0,62.0,0.403,4.0,18.0,0.222,21.0,44.0,0.477,0.435,10.0,11.0,0.909,10.0,20.0,30.0,8.0,7.0,3.0,16.0,29.0,19.0,41.0,0.463,7.0,17.0,0.412,12.0,24.0,0.5,0.549,31.0,39.0,0.795,4.0,23.0,27.0,9.0,8.0,5.0,13.0,13.0,90.3,107.2,70.9,0.177,0.29,0.476,52.6,32.0,9.9,12.5,0.435,19.2,30.3,0.161,0.549,17.9,16.7,0.756
7.0,7.0,2023-11-25,,Eureka,REG (Non-Conf),W,85.0,39.0,,34.0,67.0,0.507,3.0,16.0,0.188,31.0,51.0,0.608,0.53,14.0,20.0,0.7,6.0,33.0,39.0,21.0,11.0,3.0,4.0,19.0,13.0,53.0,0.245,2.0,19.0,0.105,11.0,34.0,0.324,0.264,11.0,18.0,0.611,4.0,25.0,29.0,6.0,2.0,1.0,14.0,18.0,116.4,53.4,73.0,0.299,0.239,0.556,57.4,61.8,15.1,8.8,0.53,5.0,19.4,0.209,0.264,18.5,10.8,0.208
8.0,8.0,2023-11-28,@,Kansas,REG (Non-Conf),L,63.0,71.0,,23.0,59.0,0.39,9.0,22.0,0.409,14.0,37.0,0.378,0.466,8.0,10.0,0.8,10.0,21.0,31.0,12.0,5.0,4.0,14.0,20.0,28.0,56.0,0.5,3.0,14.0,0.214,25.0,42.0,0.595,0.527,12.0,18.0,0.667,9.0,22.0,31.0,24.0,11.0,11.0,10.0,11.0,94.5,106.5,66.7,0.169,0.373,0.494,50.0,52.2,7.5,9.5,0.466,18.0,31.3,0.136,0.527,13.4,30.0,0.214
9.0,9.0,2023-12-02,,Stl Pharmacy,REG (Non-Conf),W,112.0,50.0,,46.0,81.0,0.568,7.0,19.0,0.368,39.0,62.0,0.629,0.611,13.0,17.0,0.765,19.0,34.0,53.0,30.0,14.0,3.0,8.0,10.0,17.0,55.0,0.309,7.0,19.0,0.368,10.0,36.0,0.278,0.373,9.0,11.0,0.818,5.0,16.0,21.0,11.0,7.0,3.0,21.0,11.0,145.2,64.8,77.2,0.21,0.235,0.629,71.6,65.2,18.1,8.3,0.611,8.2,54.3,0.16,0.373,25.9,12.8,0.164
10.0,10.0,2023-12-07,,IUPUI,REG (Non-Conf),W,75.0,58.0,,29.0,56.0,0.518,3.0,11.0,0.273,26.0,45.0,0.578,0.545,14.0,18.0,0.778,12.0,26.0,38.0,17.0,8.0,4.0,18.0,14.0,23.0,53.0,0.434,2.0,13.0,0.154,21.0,40.0,0.525,0.453,10.0,14.0,0.714,4.0,16.0,20.0,10.0,14.0,1.0,15.0,14.0,106.2,82.2,70.6,0.321,0.196,0.581,65.5,58.6,11.3,10.0,0.545,21.8,42.9,0.25,0.453,20.1,13.3,0.189
11.0,11.0,2023-12-10,,Central Arkansas,REG (Non-Conf),L,70.0,73.0,,24.0,59.0,0.407,7.0,20.0,0.35,17.0,39.0,0.436,0.466,15.0,22.0,0.682,11.0,22.0,33.0,12.0,13.0,3.0,10.0,15.0,24.0,57.0,0.421,13.0,29.0,0.448,11.0,28.0,0.393,0.535,12.0,12.0,1.0,8.0,23.0,31.0,17.0,6.0,3.0,16.0,17.0,100.6,104.9,69.6,0.373,0.339,0.504,51.6,50.0,18.7,10.7,0.466,12.6,32.4,0.254,0.535,20.3,26.7,0.211
12.0,12.0,2023-12-17,,Blackburn,REG (Non-Conf),W,87.0,66.0,,38.0,64.0,0.594,3.0,8.0,0.375,35.0,56.0,0.625,0.617,8.0,14.0,0.571,7.0,22.0,29.0,22.0,11.0,5.0,8.0,9.0,26.0,59.0,0.441,9.0,23.0,0.391,17.0,36.0,0.472,0.517,5.0,9.0,0.556,7.0,22.0,29.0,12.0,5.0,0.0,15.0,10.0,121.7,92.4,71.5,0.219,0.125,0.616,50.0,57.9,15.4,13.9,0.617,10.2,24.1,0.125,0.517,19.2,24.1,0.085
13.0,13.0,2023-12-21,@,Iowa State,REG (Non-Conf),L,48.0,80.0,,20.0,51.0,0.392,4.0,21.0,0.19,16.0,30.0,0.533,0.431,4.0,6.0,0.667,4.0,24.0,28.0,11.0,2.0,1.0,17.0,19.0,27.0,56.0,0.482,10.0,23.0,0.435,17.0,33.0,0.515,0.571,16.0,18.0,0.889,3.0,25.0,28.0,20.0,6.0,3.0,8.0,12.0,70.4,117.3,68.2,0.118,0.412,0.446,50.0,55.0,2.9,3.0,0.431,24.0,13.8,0.078,0.571,11.0,11.1,0.286
14.0,14.0,2023-12-29,@,SIU Edwardsville,REG (Conf),L,58.0,67.0,,19.0,62.0,0.306,3.0,14.0,0.214,16.0,48.0,0.333,0.331,17.0,22.0,0.773,13.0,22.0,35.0,11.0,8.0,1.0,4.0,20.0,19.0,43.0,0.442,8.0,20.0,0.4,11.0,23.0,0.478,0.535,21.0,27.0,0.778,5.0,27.0,32.0,14.0,1.0,8.0,14.0,14.0,90.4,104.5,64.1,0.355,0.226,0.4,52.2,57.9,12.5,4.3,0.331,5.2,32.5,0.274,0.535,20.1,18.5,0.488
15.0,15.0,2024-01-04,@,UT Martin,REG (Conf),W,79.0,72.0,,30.0,65.0,0.462,11.0,26.0,0.423,19.0,39.0,0.487,0.546,8.0,14.0,0.571,7.0,26.0,33.0,16.0,10.0,2.0,11.0,18.0,25.0,54.0,0.463,5.0,18.0,0.278,20.0,36.0,0.556,0.509,17.0,22.0,0.773,5.0,31.0,36.0,7.0,5.0,3.0,16.0,14.0,104.6,95.3,75.6,0.215,0.4,0.551,47.8,53.3,13.2,5.6,0.546,13.3,18.4,0.123,0.509,19.9,16.1,0.315
16.0,16.0,2024-01-06,@,Little Rock,REG (Conf),W,90.0,88.0,,32.0,62.0,0.516,11.0,20.0,0.55,21.0,42.0,0.5,0.605,15.0,18.0,0.833,5.0,19.0,24.0,14.0,9.0,1.0,8.0,16.0,31.0,56.0,0.554,12.0,23.0,0.522,19.0,33.0,0.576,0.661,14.0,18.0,0.778,8.0,23.0,31.0,18.0,2.0,5.0,16.0,16.0,123.2,120.5,73.1,0.29,0.323,0.638,43.6,43.8,12.3,3.0,0.605,10.2,17.9,0.242,0.661,19.9,29.6,0.25
17.0,17.0,2024-01-11,,Morehead State,REG (Conf),L,52.0,78.0,,20.0,58.0,0.345,3.0,13.0,0.231,17.0,45.0,0.378,0.371,9.0,16.0,0.563,8.0,18.0,26.0,9.0,5.0,1.0,9.0,18.0,28.0,55.0,0.509,11.0,27.0,0.407,17.0,28.0,0.607,0.609,11.0,18.0,0.611,10.0,32.0,42.0,16.0,3.0,5.0,13.0,13.0,78.1,117.2,66.6,0.276,0.224,0.396,38.2,45.0,7.5,3.6,0.371,12.1,20.0,0.155,0.609,17.0,35.7,0.2
18.0,18.0,2024-01-13,,Western Illinois,REG (Conf),L,60.0,63.0,,23.0,60.0,0.383,4.0,14.0,0.286,19.0,46.0,0.413,0.417,10.0,11.0,0.909,8.0,14.0,22.0,12.0,10.0,2.0,4.0,16.0,24.0,41.0,0.585,7.0,13.0,0.538,17.0,28.0,0.607,0.671,8.0,15.0,0.533,6.0,26.0,32.0,17.0,3.0,9.0,18.0,10.0,98.9,103.8,60.7,0.183,0.233,0.46,40.7,52.2,16.5,7.1,0.417,5.8,23.5,0.167,0.671,27.2,30.0,0.195
19.0,19.0,2024-01-20,@,Lindenwood,REG (Conf),W,78.0,68.0,,22.0,51.0,0.431,12.0,23.0,0.522,10.0,28.0,0.357,0.549,22.0,24.0,0.917,4.0,17.0,21.0,12.0,8.0,0.0,9.0,17.0,24.0,48.0,0.5,11.0,23.0,0.478,13.0,25.0,0.52,0.615,9.0,15.0,0.6,6.0,19.0,25.0,16.0,5.0,2.0,15.0,20.0,118.6,103.4,65.8,0.471,0.451,0.625,45.7,54.5,12.2,0.0,0.549,12.6,17.4,0.431,0.615,21.4,26.1,0.188
20.0,20.0,2024-01-25,,Tennessee Tech,REG (Conf),W,68.0,59.0,,24.0,57.0,0.421,4.0,16.0,0.25,20.0,41.0,0.488,0.456,16.0,24.0,0.667,6.0,21.0,27.0,15.0,12.0,3.0,6.0,14.0,24.0,49.0,0.49,5.0,14.0,0.357,19.0,35.0,0.543,0.541,6.0,11.0,0.545,5.0,25.0,30.0,13.0,2.0,3.0,18.0,17.0,100.3,87.0,67.8,0.421,0.281,0.497,47.4,62.5,17.7,8.6,0.456,8.1,19.4,0.281,0.541,24.9,19.2,0.122
21.0,21.0,2024-01-27,,Tennessee State,REG (Conf),L,60.0,64.0,,25.0,57.0,0.439,2.0,16.0,0.125,23.0,41.0,0.561,0.456,8.0,11.0,0.727,4.0,26.0,30.0,15.0,6.0,4.0,9.0,20.0,19.0,51.0,0.373,4.0,17.0,0.235,15.0,34.0,0.441,0.412,22.0,26.0,0.846,5.0,26.0,31.0,10.0,5.0,5.0,8.0,13.0,89.8,95.8,66.8,0.193,0.281,0.482,49.2,60.0,9.0,11.8,0.456,12.6,13.3,0.14,0.412,11.2,16.1,0.431
22.0,22.0,2024-02-01,,UT Martin,REG (Conf),L,59.0,76.0,,23.0,67.0,0.343,5.0,26.0,0.192,18.0,41.0,0.439,0.381,8.0,12.0,0.667,12.0,18.0,30.0,10.0,9.0,4.0,11.0,21.0,25.0,64.0,0.391,7.0,28.0,0.25,18.0,36.0,0.5,0.445,19.0,24.0,0.792,15.0,33.0,48.0,10.0,6.0,2.0,13.0,15.0,81.3,104.8,72.6,0.179,0.388,0.406,38.5,43.5,12.4,11.1,0.381,13.1,26.7,0.119,0.445,14.7,45.5,0.297
23.0,23.0,2024-02-03,,Little Rock,REG (Conf),L,47.0,71.0,,19.0,66.0,0.288,5.0,28.0,0.179,14.0,38.0,0.368,0.326,4.0,6.0,0.667,11.0,15.0,26.0,11.0,6.0,2.0,6.0,16.0,26.0,55.0,0.473,5.0,14.0,0.357,21.0,41.0,0.512,0.518,14.0,16.0,0.875,12.0,33.0,45.0,17.0,4.0,4.0,11.0,10.0,74.9,113.2,62.7,0.091,0.424,0.341,36.6,57.9,9.6,4.9,0.326,8.0,25.0,0.061,0.518,14.9,44.4,0.255
24.0,24.0,2024-02-08,@,Southern Indiana,REG (Conf),W,81.0,71.0,,25.0,55.0,0.455,4.0,16.0,0.25,21.0,39.0,0.538,0.491,27.0,35.0,0.771,7.0,29.0,36.0,9.0,8.0,6.0,11.0,24.0,21.0,56.0,0.375,8.0,22.0,0.364,13.0,34.0,0.382,0.446,21.0,27.0,0.778,6.0,23.0,29.0,8.0,4.0,2.0,13.0,25.0,107.0,93.8,75.7,0.636,0.291,0.565,55.4,36.0,10.6,17.6,0.491,13.3,23.3,0.491,0.446,15.9,17.1,0.375
25.0,25.0,2024-02-10,@,Morehead State,REG (Conf),L,57.0,69.0,,23.0,59.0,0.39,1.0,7.0,0.143,22.0,52.0,0.423,0.398,10.0,13.0,0.769,8.0,16.0,24.0,4.0,8.0,0.0,6.0,18.0,23.0,44.0,0.523,6.0,19.0,0.316,17.0,25.0,0.68,0.591,17.0,23.0,0.739,7.0,29.0,36.0,15.0,3.0,9.0,13.0,16.0,91.9,111.2,62.1,0.22,0.119,0.437,40.0,17.4,12.9,0.0,0.398,8.4,21.6,0.169,0.591,19.1,30.4,0.386
26.0,26.0,2024-02-15,,Southeast Missouri State,REG (Conf),W,75.0,57.0,,31.0,62.0,0.5,3.0,13.0,0.231,28.0,49.0,0.571,0.524,10.0,16.0,0.625,12.0,29.0,41.0,19.0,8.0,3.0,10.0,15.0,21.0,59.0,0.356,6.0,16.0,0.375,15.0,43.0,0.349,0.407,9.0,12.0,0.75,8.0,22.0,30.0,15.0,4.0,1.0,14.0,17.0,108.5,82.4,69.2,0.258,0.21,0.539,57.7,61.3,11.6,7.0,0.524,12.6,35.3,0.161,0.407,17.8,21.6,0.153
27.0,27.0,2024-02-17,,Lindenwood,REG (Conf),W,72.0,57.0,,26.0,64.0,0.406,7.0,20.0,0.35,19.0,44.0,0.432,0.461,13.0,16.0,0.813,9.0,27.0,36.0,12.0,9.0,7.0,8.0,19.0,19.0,51.0,0.373,4.0,12.0,0.333,15.0,39.0,0.385,0.412,15.0,24.0,0.625,8.0,24.0,32.0,8.0,4.0,7.0,16.0,13.0,102.1,80.9,70.5,0.25,0.313,0.503,52.9,46.2,12.8,17.9,0.461,10.1,27.3,0.203,0.412,20.4,22.9,0.294
28.0,28.0,2024-02-22,@,Tennessee State,REG (Conf),L,73.0,78.0,,23.0,58.0,0.397,9.0,17.0,0.529,14.0,41.0,0.341,0.474,18.0,27.0,0.667,12.0,19.0,31.0,8.0,8.0,3.0,11.0,23.0,26.0,53.0,0.491,6.0,20.0,0.3,20.0,33.0,0.606,0.547,20.0,26.0,0.769,6.0,22.0,28.0,13.0,6.0,5.0,12.0,20.0,103.4,110.5,70.6,0.466,0.293,0.515,52.5,34.8,11.3,9.1,0.474,13.4,35.3,0.31,0.547,15.5,24.0,0.377
29.0,29.0,2024-02-24,@,Tennessee Tech,REG (Conf),L,67.0,75.0,,26.0,64.0,0.406,5.0,20.0,0.25,21.0,44.0,0.477,0.445,10.0,11.0,0.909,4.0,22.0,26.0,12.0,9.0,2.0,6.0,12.0,28.0,55.0,0.509,13.0,25.0,0.52,15.0,30.0,0.5,0.627,6.0,13.0,0.462,7.0,26.0,33.0,17.0,4.0,4.0,12.0,12.0,97.5,109.2,68.7,0.172,0.313,0.484,44.1,46.2,13.1,6.7,0.445,8.0,13.3,0.156,0.627,16.4,24.1,0.109
30.0,30.0,2024-02-27,,SIU Edwardsville,REG (Conf),W,84.0,79.0,,26.0,58.0,0.448,6.0,15.0,0.4,20.0,43.0,0.465,0.5,26.0,35.0,0.743,6.0,29.0,35.0,13.0,7.0,8.0,9.0,20.0,29.0,75.0,0.387,5.0,18.0,0.278,24.0,57.0,0.421,0.42,16.0,24.0,0.667,17.0,28.0,45.0,12.0,7.0,4.0,12.0,22.0,105.6,99.4,79.5,0.603,0.259,0.563,43.8,50.0,8.8,14.0,0.5,10.8,17.6,0.448,0.42,12.2,37.0,0.213
31.0,31.0,2024-02-29,@,Western Illinois,REG (Conf),L,66.0,70.0,,24.0,60.0,0.4,10.0,17.0,0.588,14.0,43.0,0.326,0.483,8.0,12.0,0.667,7.0,23.0,30.0,11.0,5.0,1.0,10.0,25.0,25.0,60.0,0.417,4.0,14.0,0.286,21.0,46.0,0.457,0.45,16.0,27.0,0.593,12.0,29.0,41.0,10.0,3.0,4.0,10.0,12.0,94.6,100.3,69.8,0.2,0.283,0.502,42.3,45.8,7.2,2.2,0.483,13.2,19.4,0.133,0.45,12.1,34.3,0.267
32.0,32.0,2024-03-06,N,SIU Edwardsville,REG (Non-Conf),L,57.0,68.0,,23.0,61.0,0.377,4.0,19.0,0.211,19.0,42.0,0.452,0.41,7.0,10.0,0.7,12.0,19.0,31.0,11.0,9.0,6.0,13.0,18.0,25.0,56.0,0.446,6.0,19.0,0.316,19.0,37.0,0.514,0.5,12.0,15.0,0.8,9.0,24.0,33.0,10.0,8.0,5.0,11.0,8.0,86.4,103.1,65.9,0.164,0.311,0.433,48.4,47.8,13.6,16.2,0.41,16.5,33.3,0.115,0.5,14.8,32.1,0.214
1.0,1.0,2024-11-04,@,Illinois,REG (Non-Conf),L,67.0,112.0,,26.0,68.0,0.382,4.0,12.0,0.333,22.0,56.0,0.393,0.412,11.0,25.0,0.44,3.0,21.0,24.0,5.0,5.0,1.0,7.0,29.0,31.0,64.0,0.484,16.0,42.0,0.381,15.0,22.0,0.682,0.609,34.0,46.0,0.739,14.0,42.0,56.0,16.0,2.0,9.0,13.0,21.0,79.4,132.8,84.4,0.368,0.176,0.419,30.0,19.2,5.9,4.5,0.412,8.1,6.7,0.162,0.609,13.2,40.0,0.531
2.0,2.0,2024-11-06,,Earlham,REG (Non-Conf),W,97.0,61.0,,36.0,69.0,0.522,5.0,14.0,0.357,31.0,55.0,0.564,0.558,20.0,32.0,0.625,13.0,33.0,46.0,16.0,14.0,7.0,13.0,19.0,22.0,65.0,0.338,6.0,21.0,0.286,16.0,44.0,0.364,0.385,11.0,13.0,0.846,9.0,16.0,25.0,9.0,4.0,6.0,18.0,21.0,118.0,74.2,82.2,0.464,0.203,0.576,64.8,44.4,17.0,15.9,0.558,13.4,44.8,0.29,0.385,20.2,21.4,0.169
3.0,3.0,2024-11-10,@,Indiana,REG (Non-Conf),L,55.0,90.0,,21.0,57.0,0.368,7.0,20.0,0.35,14.0,37.0,0.378,0.43,6.0,9.0,0.667,6.0,18.0,24.0,8.0,8.0,0.0,16.0,15.0,38.0,62.0,0.613,6.0,18.0,0.333,32.0,44.0,0.727,0.661,8.0,12.0,0.667,7.0,29.0,36.0,26.0,11.0,6.0,12.0,14.0,76.4,125.0,72.0,0.158,0.351,0.449,40.0,38.1,11.1,0.0,0.43,20.7,17.1,0.105,0.661,15.1,28.0,0.129
4.0,4.0,2024-11-15,@,Northwestern,REG (Non-Conf),L,58.0,67.0,OT,25.0,61.0,0.41,3.0,19.0,0.158,22.0,42.0,0.524,0.434,5.0,8.0,0.625,10.0,17.0,27.0,20.0,9.0,4.0,14.0,20.0,21.0,52.0,0.404,5.0,19.0,0.263,16.0,33.0,0.485,0.452,20.0,27.0,0.741,13.0,21.0,34.0,14.0,9.0,4.0,13.0,12.0,86.8,100.3,59.4,0.131,0.311,0.448,44.3,80.0,13.5,12.1,0.434,17.8,32.3,0.082,0.452,16.7,43.3,0.385
5.0,5.0,2024-11-19,@,DePaul,REG (Non-Conf),L,69.0,78.0,,23.0,57.0,0.404,7.0,15.0,0.467,16.0,42.0,0.381,0.465,16.0,17.0,0.941,7.0,22.0,29.0,11.0,10.0,2.0,14.0,19.0,23.0,53.0,0.434,15.0,39.0,0.385,8.0,14.0,0.571,0.575,17.0,23.0,0.739,9.0,22.0,31.0,18.0,6.0,4.0,16.0,12.0,96.5,109.1,71.5,0.298,0.263,0.53,48.3,47.8,14.0,14.3,0.465,17.7,24.1,0.281,0.575,20.0,29.0,0.321
6.0,6.0,2024-11-24,@,Valparaiso,REG (Non-Conf),L,53.0,81.0,,19.0,48.0,0.396,5.0,18.0,0.278,14.0,30.0,0.467,0.448,10.0,20.0,0.5,7.0,21.0,28.0,7.0,6.0,3.0,11.0,19.0,24.0,62.0,0.387,10.0,31.0,0.323,14.0,31.0,0.452,0.468,23.0,25.0,0.92,17.0,27.0,44.0,17.0,6.0,2.0,7.0,17.0,84.5,129.2,62.7,0.417,0.375,0.461,38.9,36.8,9.6,9.7,0.448,16.1,20.6,0.208,0.468,8.7,44.7,0.371
7.0,7.0,2024-11-29,,Northern Illinois,REG (Non-Conf),W,72.0,59.0,,26.0,58.0,0.448,3.0,13.0,0.231,23.0,45.0,0.511,0.474,17.0,22.0,0.773,8.0,33.0,41.0,11.0,8.0,4.0,10.0,15.0,16.0,54.0,0.296,11.0,37.0,0.297,5.0,17.0,0.294,0.398,16.0,17.0,0.941,1.0,23.0,24.0,13.0,6.0,5.0,10.0,20.0,101.7,83.4,70.8,0.379,0.224,0.526,63.1,42.3,11.3,23.5,0.474,12.7,25.8,0.293,0.398,13.9,2.9,0.296
8.0,8.0,2024-12-03,@,Butler,REG (Non-Conf),L,58.0,73.0,,21.0,64.0,0.328,8.0,20.0,0.4,13.0,44.0,0.295,0.391,8.0,13.0,0.615,7.0,15.0,22.0,10.0,7.0,1.0,8.0,23.0,23.0,44.0,0.523,7.0,20.0,0.35,16.0,24.0,0.667,0.602,20.0,25.0,0.8,7.0,32.0,39.0,14.0,2.0,3.0,16.0,14.0,85.3,107.3,68.0,0.203,0.313,0.413,36.1,47.6,10.3,4.2,0.391,10.2,17.9,0.125,0.602,22.3,31.8,0.455
9.0,9.0,2024-12-06,,Calumet College,REG (Non-Conf),W,87.0,57.0,,32.0,65.0,0.492,6.0,20.0,0.3,26.0,45.0,0.578,0.538,17.0,27.0,0.63,10.0,26.0,36.0,21.0,10.0,8.0,7.0,13.0,18.0,55.0,0.327,8.0,26.0,0.308,10.0,29.0,0.345,0.4,13.0,20.0,0.65,9.0,25.0,34.0,12.0,3.0,4.0,22.0,23.0,114.2,74.8,76.2,0.415,0.308,0.559,51.4,65.6,13.1,27.6,0.538,8.3,28.6,0.262,0.4,25.4,25.7,0.236
10.0,10.0,2024-12-14,@,Eastern Kentucky,REG (Non-Conf),L,66.0,81.0,,28.0,67.0,0.418,3.0,18.0,0.167,25.0,49.0,0.51,0.44,7.0,15.0,0.467,14.0,27.0,41.0,7.0,9.0,1.0,17.0,15.0,28.0,62.0,0.452,17.0,38.0,0.447,11.0,24.0,0.458,0.589,8.0,12.0,0.667,8.0,25.0,33.0,21.0,12.0,5.0,15.0,16.0,86.9,106.7,75.9,0.224,0.269,0.445,55.4,25.0,11.9,4.2,0.44,18.7,35.9,0.104,0.589,18.1,22.9,0.129
11.0,11.0,2024-12-19,@,Southeast Missouri State,REG (Conf),L,72.0,79.0,,23.0,56.0,0.411,5.0,14.0,0.357,18.0,42.0,0.429,0.455,21.0,29.0,0.724,17.0,17.0,34.0,6.0,8.0,2.0,10.0,20.0,27.0,48.0,0.563,10.0,22.0,0.455,17.0,26.0,0.654,0.667,15.0,20.0,0.75,5.0,19.0,24.0,18.0,4.0,6.0,12.0,21.0,113.1,124.1,63.6,0.518,0.25,0.516,58.6,26.1,12.6,7.7,0.455,12.5,47.2,0.375,0.667,17.3,22.7,0.313
12.0,12.0,2024-12-28,,Blackburn,REG (Non-Conf),W,99.0,55.0,,43.0,65.0,0.662,4.0,10.0,0.4,39.0,55.0,0.709,0.692,9.0,21.0,0.429,9.0,24.0,33.0,23.0,20.0,2.0,11.0,16.0,20.0,50.0,0.4,10.0,23.0,0.435,10.0,27.0,0.37,0.5,5.0,10.0,0.5,5.0,15.0,20.0,14.0,6.0,0.0,27.0,15.0,128.8,71.6,76.9,0.323,0.154,0.66,62.3,53.5,26.0,7.4,0.692,12.8,37.5,0.138,0.5,33.0,17.2,0.1
13.0,13.0,2025-01-02,,Lindenwood,REG (Conf),W,78.0,74.0,OT,25.0,53.0,0.472,6.0,11.0,0.545,19.0,42.0,0.452,0.528,22.0,36.0,0.611,7.0,30.0,37.0,9.0,8.0,3.0,20.0,26.0,21.0,60.0,0.35,7.0,25.0,0.28,14.0,35.0,0.4,0.408,25.0,33.0,0.758,9.0,28.0,37.0,14.0,12.0,4.0,20.0,26.0,91.9,87.2,75.5,0.679,0.208,0.556,50.0,36.0,9.4,8.6,0.528,22.2,20.0,0.415,0.408,20.9,23.1,0.417
14.0,14.0,2025-01-04,,Western Illinois,REG (Conf),L,67.0,75.0,,24.0,59.0,0.407,2.0,17.0,0.118,22.0,42.0,0.524,0.424,17.0,22.0,0.773,12.0,19.0,31.0,14.0,9.0,5.0,12.0,14.0,28.0,54.0,0.519,12.0,20.0,0.6,16.0,34.0,0.471,0.63,7.0,10.0,0.7,7.0,23.0,30.0,17.0,6.0,7.0,14.0,18.0,99.1,110.9,67.6,0.373,0.288,0.482,50.8,58.3,13.3,14.7,0.424,14.7,34.3,0.288,0.63,19.2,26.9,0.13
15.0,15.0,2025-01-07,,SIU Edwardsville,REG (Conf),L,57.0,60.0,,20.0,54.0,0.37,5.0,18.0,0.278,15.0,36.0,0.417,0.417,12.0,15.0,0.8,8.0,16.0,24.0,10.0,12.0,5.0,10.0,21.0,20.0,49.0,0.408,3.0,12.0,0.25,17.0,37.0,0.459,0.439,17.0,29.0,0.586,13.0,23.0,36.0,12.0,6.0,5.0,14.0,15.0,89.8,94.6,63.5,0.278,0.333,0.466,40.0,50.0,18.9,13.5,0.417,14.1,25.8,0.222,0.439,18.2,44.8,0.347
16.0,16.0,2025-01-09,,Tennessee Tech,REG (Conf),L,64.0,69.0,,20.0,54.0,0.37,5.0,16.0,0.313,15.0,38.0,0.395,0.417,19.0,24.0,0.792,10.0,26.0,36.0,10.0,4.0,5.0,9.0,16.0,22.0,61.0,0.361,10.0,28.0,0.357,12.0,33.0,0.364,0.443,15.0,24.0,0.625,11.0,25.0,36.0,14.0,4.0,2.0,8.0,19.0,95.7,103.1,66.9,0.444,0.296,0.489,50.0,50.0,6.0,15.2,0.417,12.1,28.6,0.352,0.443,10.0,29.7,0.246
17.0,17.0,2025-01-16,@,UT Martin,REG (Conf),L,63.0,68.0,,22.0,52.0,0.423,11.0,27.0,0.407,11.0,25.0,0.44,0.529,8.0,14.0,0.571,7.0,27.0,34.0,14.0,3.0,3.0,18.0,19.0,24.0,63.0,0.381,6.0,30.0,0.2,18.0,33.0,0.545,0.429,14.0,18.0,0.778,12.0,25.0,37.0,11.0,11.0,6.0,11.0,15.0,89.9,97.0,70.1,0.269,0.519,0.537,47.9,63.6,4.3,9.1,0.529,23.5,21.9,0.154,0.429,13.3,30.8,0.222
18.0,18.0,2025-01-18,@,Tennessee State,REG (Conf),L,65.0,84.0,,24.0,61.0,0.393,4.0,16.0,0.25,20.0,45.0,0.444,0.426,13.0,20.0,0.65,13.0,14.0,27.0,8.0,9.0,0.0,16.0,19.0,27.0,52.0,0.519,6.0,16.0,0.375,21.0,36.0,0.583,0.577,24.0,29.0,0.828,11.0,24.0,35.0,15.0,10.0,3.0,15.0,18.0,90.7,117.3,71.6,0.328,0.262,0.461,43.5,33.3,12.6,0.0,0.426,18.5,35.1,0.213,0.577,18.6,44.0,0.462
19.0,19.0,2025-01-23,,Morehead State,REG (Conf),L,66.0,73.0,,25.0,52.0,0.481,7.0,16.0,0.438,18.0,36.0,0.5,0.548,9.0,12.0,0.75,3.0,17.0,20.0,10.0,4.0,1.0,4.0,17.0,25.0,48.0,0.521,10.0,27.0,0.37,15.0,21.0,0.714,0.625,13.0,19.0,0.684,8.0,23.0,31.0,16.0,3.0,5.0,8.0,15.0,114.1,126.2,57.9,0.231,0.308,0.572,39.2,40.0,6.9,4.8,0.548,6.5,11.5,0.173,0.625,12.3,32.0,0.271
20.0,20.0,2025-01-25,,Southern Indiana,REG (Conf),L,60.0,64.0,,21.0,58.0,0.362,7.0,20.0,0.35,14.0,38.0,0.368,0.422,11.0,21.0,0.524,14.0,21.0,35.0,13.0,10.0,2.0,10.0,25.0,21.0,50.0,0.42,7.0,19.0,0.368,14.0,31.0,0.452,0.49,15.0,24.0,0.625,7.0,25.0,32.0,13.0,7.0,5.0,12.0,17.0,92.0,98.2,65.2,0.362,0.345,0.441,52.2,61.9,15.3,6.5,0.422,12.8,35.9,0.19,0.49,16.3,25.0,0.3
21.0,21.0,2025-01-27,N,Little Rock,REG (Conf),W,56.0,54.0,,19.0,48.0,0.396,6.0,20.0,0.3,13.0,28.0,0.464,0.458,12.0,17.0,0.706,7.0,22.0,29.0,12.0,9.0,3.0,15.0,17.0,20.0,46.0,0.435,3.0,11.0,0.273,17.0,35.0,0.486,0.467,11.0,17.0,0.647,5.0,17.0,22.0,14.0,7.0,6.0,12.0,14.0,89.5,86.3,62.6,0.354,0.417,0.499,56.9,63.2,14.4,8.6,0.458,21.1,29.2,0.25,0.467,18.2,18.5,0.239
22.0,22.0,2025-01-30,@,Western Illinois,REG (Conf),W,71.0,59.0,,27.0,60.0,0.45,5.0,14.0,0.357,22.0,46.0,0.478,0.492,12.0,18.0,0.667,10.0,25.0,35.0,13.0,6.0,0.0,5.0,14.0,22.0,50.0,0.44,3.0,15.0,0.2,19.0,35.0,0.543,0.47,12.0,17.0,0.706,4.0,23.0,27.0,7.0,3.0,5.0,12.0,14.0,109.5,91.0,64.8,0.3,0.233,0.518,56.5,48.1,9.3,0.0,0.492,6.8,30.3,0.2,0.47,17.1,13.8,0.24
23.0,23.0,2025-02-01,@,Lindenwood,REG (Conf),W,76.0,70.0,,25.0,61.0,0.41,7.0,17.0,0.412,18.0,44.0,0.409,0.467,19.0,25.0,0.76,13.0,25.0,38.0,8.0,8.0,3.0,11.0,18.0,24.0,63.0,0.381,4.0,17.0,0.235,20.0,46.0,0.435,0.413,18.0,25.0,0.72,12.0,21.0,33.0,9.0,7.0,8.0,11.0,17.0,105.0,96.7,72.4,0.41,0.279,0.521,53.5,32.0,11.1,6.5,0.467,13.1,38.2,0.311,0.413,12.8,32.4,0.286
24.0,24.0,2025-02-04,@,SIU Edwardsville,REG (Conf),L,41.0,66.0,,14.0,52.0,0.269,3.0,14.0,0.214,11.0,38.0,0.289,0.298,10.0,17.0,0.588,5.0,24.0,29.0,5.0,5.0,2.0,8.0,17.0,26.0,62.0,0.419,9.0,29.0,0.31,17.0,33.0,0.515,0.492,5.0,12.0,0.417,11.0,35.0,46.0,16.0,2.0,3.0,8.0,16.0,64.2,103.3,63.9,0.327,0.269,0.341,38.7,35.7,7.8,6.1,0.298,11.8,12.5,0.192,0.492,10.6,31.4,0.081
25.0,25.0,2025-02-08,@,Tennessee Tech,REG (Conf),L,54.0,59.0,,22.0,64.0,0.344,4.0,18.0,0.222,18.0,46.0,0.391,0.375,6.0,7.0,0.857,9.0,22.0,31.0,13.0,11.0,0.0,10.0,21.0,20.0,45.0,0.444,11.0,24.0,0.458,9.0,21.0,0.429,0.567,8.0,16.0,0.5,5.0,28.0,33.0,16.0,2.0,5.0,13.0,12.0,83.8,91.5,64.5,0.109,0.281,0.401,48.4,59.1,17.1,0.0,0.375,12.9,24.3,0.094,0.567,19.8,18.5,0.178
26.0,26.0,2025-02-13,,Tennessee State,REG (Conf),L,49.0,66.0,,16.0,58.0,0.276,3.0,21.0,0.143,13.0,37.0,0.351,0.302,14.0,22.0,0.636,9.0,20.0,29.0,12.0,10.0,4.0,10.0,21.0,18.0,43.0,0.419,6.0,15.0,0.4,12.0,28.0,0.429,0.488,24.0,31.0,0.774,8.0,32.0,40.0,15.0,6.0,6.0,16.0,13.0,72.5,97.7,67.6,0.379,0.362,0.358,42.0,75.0,14.8,14.3,0.302,12.7,22.0,0.241,0.488,21.7,28.6,0.558
27.0,27.0,2025-02-15,,UT Martin,REG (Conf),L,68.0,72.0,,23.0,55.0,0.418,9.0,25.0,0.36,14.0,30.0,0.467,0.5,13.0,13.0,1.0,5.0,19.0,24.0,12.0,9.0,2.0,13.0,21.0,27.0,57.0,0.474,8.0,27.0,0.296,19.0,30.0,0.633,0.544,10.0,18.0,0.556,11.0,24.0,35.0,16.0,6.0,0.0,16.0,14.0,97.3,103.1,69.9,0.236,0.455,0.556,40.7,52.2,12.9,6.7,0.5,17.5,17.2,0.236,0.544,19.6,36.7,0.175
28.0,28.0,2025-02-20,@,Southern Indiana,REG (Conf),W,63.0,54.0,,24.0,66.0,0.364,6.0,20.0,0.3,18.0,46.0,0.391,0.409,9.0,13.0,0.692,13.0,25.0,38.0,10.0,12.0,2.0,14.0,16.0,20.0,50.0,0.4,5.0,16.0,0.313,15.0,34.0,0.441,0.45,9.0,15.0,0.6,4.0,25.0,29.0,9.0,8.0,4.0,18.0,15.0,87.3,74.8,72.2,0.197,0.303,0.436,56.7,41.7,16.6,5.9,0.409,16.2,34.2,0.136,0.45,24.0,13.8,0.18
29.0,29.0,2025-02-22,@,Morehead State,REG (Conf),W,67.0,62.0,,22.0,50.0,0.44,5.0,10.0,0.5,17.0,40.0,0.425,0.49,18.0,22.0,0.818,5.0,17.0,22.0,13.0,9.0,2.0,9.0,14.0,20.0,52.0,0.385,10.0,27.0,0.37,10.0,25.0,0.4,0.481,12.0,14.0,0.857,11.0,21.0,32.0,11.0,5.0,0.0,14.0,16.0,106.3,98.3,63.1,0.44,0.2,0.554,40.7,59.1,14.3,8.0,0.49,13.0,19.2,0.36,0.481,19.3,39.3,0.231
30.0,30.0,2025-02-27,,Little Rock,REG (Conf),W,71.0,60.0,,22.0,51.0,0.431,6.0,14.0,0.429,16.0,37.0,0.432,0.49,21.0,29.0,0.724,12.0,16.0,28.0,11.0,12.0,2.0,14.0,19.0,20.0,52.0,0.385,5.0,20.0,0.25,15.0,32.0,0.469,0.433,15.0,23.0,0.652,12.0,16.0,28.0,9.0,9.0,7.0,17.0,18.0,105.4,89.1,67.4,0.569,0.275,0.548,50.0,50.0,17.8,6.3,0.49,17.8,42.9,0.412,0.433,21.3,42.9,0.288
31.0,31.0,2025-03-01,,Southeast Missouri State,REG (Conf),W,73.0,58.0,,24.0,58.0,0.414,5.0,13.0,0.385,19.0,45.0,0.422,0.457,20.0,23.0,0.87,10.0,26.0,36.0,8.0,14.0,6.0,13.0,19.0,18.0,52.0,0.346,11.0,27.0,0.407,7.0,25.0,0.28,0.452,11.0,18.0,0.611,7.0,24.0,31.0,13.0,6.0,4.0,19.0,21.0,101.1,80.3,72.2,0.397,0.224,0.53,53.7,33.3,19.4,24.0,0.457,15.9,29.4,0.345,0.452,23.9,21.2,0.212
1.0,1.0,2025-11-04,@,Valparaiso,REG (Non-Conf),L,63.0,66.0,,18.0,46.0,0.391,2.0,9.0,0.222,16.0,37.0,0.432,0.413,25.0,31.0,0.806,7.0,27.0,34.0,4.0,5.0,3.0,19.0,30.0,19.0,55.0,0.345,7.0,31.0,0.226,12.0,24.0,0.5,0.409,21.0,35.0,0.6,12.0,19.0,31.0,8.0,13.0,4.0,13.0,22.0,86.7,90.8,72.7,0.674,0.196,0.519,52.3,22.2,6.9,12.5,0.413,23.8,26.9,0.543,0.409,15.4,30.8,0.382
2.0,2.0,2025-11-07,,Nicholls State,REG (Non-Conf),W,65.0,57.0,,19.0,52.0,0.365,5.0,18.0,0.278,14.0,34.0,0.412,0.413,22.0,29.0,0.759,10.0,28.0,38.0,16.0,6.0,4.0,14.0,19.0,18.0,61.0,0.295,4.0,26.0,0.154,14.0,35.0,0.4,0.328,17.0,27.0,0.63,10.0,23.0,33.0,7.0,8.0,5.0,11.0,24.0,89.9,78.8,72.3,0.558,0.346,0.494,53.5,84.2,8.3,11.4,0.413,17.5,30.3,0.423,0.328,13.0,26.3,0.279
3.0,3.0,2025-11-11,@,Notre Dame,REG (Non-Conf),L,58.0,78.0,,21.0,54.0,0.389,6.0,21.0,0.286,15.0,33.0,0.455,0.444,10.0,12.0,0.833,7.0,15.0,22.0,8.0,2.0,1.0,8.0,17.0,29.0,60.0,0.483,9.0,28.0,0.321,20.0,32.0,0.625,0.558,11.0,15.0,0.733,14.0,21.0,35.0,13.0,4.0,1.0,10.0,15.0,93.7,126.0,61.9,0.222,0.389,0.486,38.6,38.1,3.2,3.1,0.444,11.8,25.0,0.185,0.558,13.0,48.3,0.183
4.0,4.0,2025-11-14,@,Kentucky,REG (Non-Conf),L,53.0,99.0,,17.0,52.0,0.327,6.0,18.0,0.333,11.0,34.0,0.324,0.385,13.0,19.0,0.684,3.0,12.0,15.0,11.0,8.0,4.0,9.0,12.0,39.0,64.0,0.609,9.0,25.0,0.36,30.0,39.0,0.769,0.68,12.0,16.0,0.75,13.0,33.0,46.0,21.0,8.0,5.0,13.0,16.0,76.5,142.8,69.3,0.365,0.346,0.434,24.6,64.7,11.5,10.3,0.385,12.9,8.3,0.25,0.68,15.4,52.0,0.188
5.0,5.0,2025-11-19,,Tiffin,REG (Non-Conf),W,62.0,50.0,,25.0,51.0,0.49,4.0,15.0,0.267,21.0,36.0,0.583,0.529,8.0,17.0,0.471,8.0,27.0,35.0,13.0,7.0,6.0,14.0,10.0,18.0,50.0,0.36,6.0,17.0,0.353,12.0,33.0,0.364,0.42,8.0,11.0,0.727,4.0,19.0,23.0,11.0,7.0,5.0,11.0,15.0,97.4,78.6,63.7,0.333,0.294,0.525,60.3,52.0,11.0,18.2,0.529,19.2,29.6,0.157,0.42,16.6,12.9,0.16
6.0,6.0,2025-11-25,@,Central Arkansas,REG (Non-Conf),L,60.0,81.0,,22.0,51.0,0.431,5.0,21.0,0.238,17.0,30.0,0.567,0.48,11.0,12.0,0.917,4.0,16.0,20.0,9.0,5.0,2.0,11.0,9.0,30.0,54.0,0.556,13.0,30.0,0.433,17.0,24.0,0.708,0.676,8.0,13.0,0.615,9.0,23.0,32.0,20.0,7.0,2.0,12.0,11.0,94.6,127.7,63.4,0.235,0.412,0.529,38.5,40.9,7.9,8.3,0.48,16.2,14.8,0.216,0.676,16.6,36.0,0.148
7.0,7.0,2025-11-28,@,Purdue,REG (Non-Conf),L,62.0,109.0,,25.0,54.0,0.463,6.0,23.0,0.261,19.0,31.0,0.613,0.519,6.0,9.0,0.667,4.0,13.0,17.0,12.0,4.0,2.0,16.0,17.0,41.0,65.0,0.631,11.0,23.0,0.478,30.0,42.0,0.714,0.715,16.0,18.0,0.889,11.0,26.0,37.0,28.0,10.0,6.0,10.0,11.0,86.8,152.6,71.4,0.167,0.426,0.532,31.5,48.0,5.6,4.8,0.519,21.5,13.3,0.111,0.715,12.0,45.8,0.246
8.0,8.0,2025-12-06,,Lindenwood,REG (Conf),L,74.0,82.0,,29.0,69.0,0.42,3.0,9.0,0.333,26.0,60.0,0.433,0.442,13.0,18.0,0.722,10.0,21.0,31.0,15.0,9.0,5.0,9.0,19.0,30.0,61.0,0.492,4.0,18.0,0.222,26.0,43.0,0.605,0.525,18.0,23.0,0.783,12.0,26.0,38.0,14.0,9.0,10.0,12.0,14.0,99.7,110.5,74.2,0.261,0.13,0.477,44.9,51.7,12.1,11.6,0.442,10.4,27.8,0.188,0.525,14.3,36.4,0.295
9.0,9.0,2025-12-10,,Eastern Kentucky,REG (Non-Conf),L,59.0,68.0,,21.0,53.0,0.396,5.0,15.0,0.333,16.0,38.0,0.421,0.443,12.0,14.0,0.857,6.0,19.0,25.0,14.0,5.0,1.0,11.0,13.0,24.0,57.0,0.421,8.0,32.0,0.25,16.0,25.0,0.64,0.491,12.0,13.0,0.923,11.0,20.0,31.0,17.0,4.0,2.0,9.0,13.0,93.8,108.1,62.9,0.264,0.283,0.495,44.6,66.7,7.9,4.0,0.443,15.6,23.1,0.226,0.491,12.5,36.7,0.211
10.0,10.0,2025-12-14,@,Iowa State,REG (Non-Conf),L,53.0,78.0,,19.0,53.0,0.358,6.0,19.0,0.316,13.0,34.0,0.382,0.415,9.0,12.0,0.75,5.0,18.0,23.0,7.0,10.0,3.0,15.0,16.0,27.0,58.0,0.466,4.0,23.0,0.174,23.0,35.0,0.657,0.5,20.0,27.0,0.741,10.0,25.0,35.0,19.0,10.0,4.0,12.0,12.0,74.9,110.2,70.8,0.226,0.358,0.451,39.7,36.8,14.1,8.6,0.415,20.4,16.7,0.17,0.5,14.5,35.7,0.345
11.0,11.0,2025-12-18,,SIU Edwardsville,REG (Conf),W,76.0,72.0,OT,28.0,57.0,0.491,7.0,20.0,0.35,21.0,37.0,0.568,0.553,13.0,17.0,0.765,9.0,28.0,37.0,13.0,11.0,2.0,14.0,13.0,24.0,58.0,0.414,11.0,24.0,0.458,13.0,34.0,0.382,0.509,13.0,16.0,0.813,8.0,20.0,28.0,17.0,7.0,5.0,14.0,16.0,107.3,101.6,63.0,0.298,0.351,0.584,56.9,46.4,15.5,5.9,0.553,17.7,31.0,0.228,0.509,17.6,22.2,0.224
12.0,12.0,2025-12-22,,East-West,REG (Non-Conf),W,110.0,56.0,,42.0,72.0,0.583,8.0,24.0,0.333,34.0,48.0,0.708,0.639,18.0,25.0,0.72,17.0,37.0,54.0,32.0,10.0,7.0,13.0,13.0,20.0,69.0,0.29,9.0,39.0,0.231,11.0,30.0,0.367,0.355,7.0,11.0,0.636,10.0,13.0,23.0,8.0,5.0,1.0,16.0,18.0,137.4,70.0,80.1,0.347,0.333,0.656,70.1,76.2,12.5,23.3,0.639,13.4,56.7,0.25,0.355,17.7,21.3,0.101
13.0,13.0,2026-01-01,@,Southeast Missouri State,REG (Conf),L,59.0,68.0,,19.0,54.0,0.352,5.0,16.0,0.313,14.0,38.0,0.368,0.398,16.0,22.0,0.727,5.0,23.0,28.0,8.0,6.0,3.0,11.0,20.0,27.0,60.0,0.45,5.0,18.0,0.278,22.0,42.0,0.524,0.492,9.0,20.0,0.45,11.0,26.0,37.0,17.0,8.0,7.0,9.0,17.0,85.5,98.6,69.0,0.407,0.296,0.458,43.1,42.1,8.7,7.1,0.398,14.6,16.1,0.296,0.492,11.5,32.4,0.15
14.0,14.0,2026-01-03,@,UT Martin,REG (Conf),L,61.0,65.0,,20.0,57.0,0.351,6.0,24.0,0.25,14.0,33.0,0.424,0.404,15.0,23.0,0.652,11.0,21.0,32.0,13.0,14.0,4.0,9.0,21.0,18.0,48.0,0.375,7.0,29.0,0.241,11.0,19.0,0.579,0.448,22.0,26.0,0.846,11.0,30.0,41.0,10.0,7.0,9.0,17.0,16.0,92.2,98.3,66.1,0.404,0.421,0.449,43.8,65.0,21.2,21.1,0.404,11.7,26.8,0.263,0.448,22.0,34.4,0.458
15.0,15.0,2026-01-08,,Tennessee Tech,REG (Conf),W,71.0,61.0,,25.0,57.0,0.439,8.0,21.0,0.381,17.0,36.0,0.472,0.509,13.0,18.0,0.722,10.0,18.0,28.0,10.0,9.0,0.0,7.0,18.0,18.0,46.0,0.391,6.0,20.0,0.3,12.0,26.0,0.462,0.457,19.0,21.0,0.905,6.0,21.0,27.0,12.0,1.0,4.0,14.0,16.0,112.2,96.4,63.3,0.316,0.368,0.542,50.9,40.0,14.2,0.0,0.509,9.6,32.3,0.228,0.457,20.0,25.0,0.413
16.0,16.0,2026-01-10,,Tennessee State,REG (Conf),W,74.0,70.0,,28.0,61.0,0.459,9.0,20.0,0.45,19.0,41.0,0.463,0.533,9.0,11.0,0.818,6.0,24.0,30.0,21.0,8.0,4.0,10.0,18.0,24.0,59.0,0.407,6.0,23.0,0.261,18.0,36.0,0.5,0.458,16.0,22.0,0.727,8.0,24.0,32.0,14.0,6.0,8.0,12.0,15.0,103.0,97.4,71.8,0.18,0.328,0.559,48.4,75.0,11.1,11.1,0.533,13.1,20.0,0.148,0.458,14.7,25.0,0.271
17.0,17.0,2026-01-13,,Western Illinois,REG (Conf),W,57.0,55.0,,19.0,51.0,0.373,1.0,9.0,0.111,18.0,42.0,0.429,0.382,18.0,23.0,0.783,7.0,25.0,32.0,11.0,8.0,9.0,11.0,17.0,19.0,60.0,0.317,2.0,15.0,0.133,17.0,45.0,0.378,0.333,15.0,18.0,0.833,10.0,25.0,35.0,10.0,7.0,4.0,12.0,18.0,83.5,80.6,68.2,0.451,0.176,0.46,47.8,57.9,11.7,20.0,0.382,15.1,21.9,0.353,0.333,14.9,28.6,0.25
18.0,18.0,2026-01-15,@,Little Rock,REG (Conf),L,63.0,74.0,,24.0,53.0,0.453,7.0,19.0,0.368,17.0,34.0,0.5,0.519,8.0,10.0,0.8,8.0,18.0,26.0,9.0,6.0,3.0,15.0,14.0,26.0,58.0,0.448,8.0,20.0,0.4,18.0,38.0,0.474,0.517,14.0,17.0,0.824,15.0,20.0,35.0,17.0,8.0,5.0,12.0,9.0,98.6,115.8,63.9,0.189,0.358,0.545,42.6,37.5,9.4,7.9,0.519,20.6,28.6,0.151,0.517,15.4,45.5,0.241
19.0,19.0,2026-01-18,,Blackburn,REG (Non-Conf),W,105.0,49.0,,42.0,62.0,0.677,10.0,20.0,0.5,32.0,42.0,0.762,0.758,11.0,15.0,0.733,6.0,26.0,32.0,27.0,13.0,2.0,11.0,8.0,18.0,51.0,0.353,12.0,36.0,0.333,6.0,15.0,0.4,0.471,1.0,1.0,1.0,3.0,12.0,15.0,11.0,6.0,3.0,21.0,12.0,146.2,68.2,71.8,0.242,0.323,0.759,68.1,64.3,18.1,13.3,0.758,13.7,33.3,0.177,0.471,29.0,10.3,0.02
20.0,20.0,2026-01-22,@,Southern Indiana,REG (Conf),W,59.0,51.0,OT,20.0,55.0,0.364,2.0,12.0,0.167,18.0,43.0,0.419,0.382,17.0,22.0,0.773,5.0,30.0,35.0,3.0,7.0,3.0,11.0,21.0,14.0,57.0,0.246,4.0,28.0,0.143,10.0,29.0,0.345,0.281,19.0,27.0,0.704,10.0,29.0,39.0,4.0,3.0,4.0,17.0,17.0,79.6,68.8,65.9,0.4,0.218,0.451,47.3,15.0,9.4,10.3,0.382,14.4,14.7,0.309,0.281,19.6,25.0,0.333
21.0,21.0,2026-01-24,@,Morehead State,REG (Conf),L,68.0,73.0,,21.0,58.0,0.362,6.0,14.0,0.429,15.0,44.0,0.341,0.414,20.0,24.0,0.833,15.0,11.0,26.0,11.0,8.0,0.0,10.0,22.0,24.0,46.0,0.522,4.0,8.0,0.5,20.0,38.0,0.526,0.565,21.0,24.0,0.875,11.0,17.0,28.0,10.0,4.0,10.0,17.0,19.0,106.4,114.2,63.9,0.414,0.241,0.49,48.1,52.4,12.5,0.0,0.414,12.6,46.9,0.345,0.565,22.8,50.0,0.457
22.0,22.0,2026-01-29,,UT Martin,REG (Conf),L,68.0,76.0,,23.0,59.0,0.39,5.0,19.0,0.263,18.0,40.0,0.45,0.432,17.0,29.0,0.586,13.0,16.0,29.0,16.0,10.0,1.0,7.0,18.0,26.0,49.0,0.531,11.0,28.0,0.393,15.0,21.0,0.714,0.643,13.0,20.0,0.65,8.0,29.0,37.0,19.0,2.0,3.0,18.0,23.0,100.5,112.4,67.6,0.492,0.322,0.467,43.9,69.6,14.8,4.8,0.432,8.8,31.0,0.288,0.643,23.5,33.3,0.265
23.0,23.0,2026-01-31,,Southeast Missouri State,REG (Conf),L,59.0,77.0,,20.0,51.0,0.392,8.0,17.0,0.471,12.0,34.0,0.353,0.471,11.0,15.0,0.733,5.0,19.0,24.0,9.0,7.0,2.0,12.0,11.0,29.0,58.0,0.5,11.0,27.0,0.407,18.0,31.0,0.581,0.595,8.0,11.0,0.727,7.0,23.0,30.0,20.0,7.0,5.0,10.0,16.0,89.8,117.2,65.7,0.294,0.333,0.508,44.4,45.0,10.7,6.5,0.471,17.1,17.9,0.216,0.595,13.7,26.9,0.138
24.0,24.0,2026-02-05,@,Tennessee State,REG (Conf),L,68.0,77.0,,26.0,51.0,0.51,6.0,17.0,0.353,20.0,34.0,0.588,0.569,10.0,15.0,0.667,5.0,25.0,30.0,9.0,4.0,1.0,16.0,19.0,26.0,56.0,0.464,4.0,17.0,0.235,22.0,39.0,0.564,0.5,21.0,27.0,0.778,5.0,18.0,23.0,15.0,10.0,2.0,6.0,16.0,97.9,110.8,69.5,0.294,0.333,0.585,56.6,34.6,5.8,2.6,0.569,21.6,21.7,0.196,0.5,8.0,16.7,0.375
25.0,25.0,2026-02-07,@,Tennessee Tech,REG (Conf),W,60.0,54.0,,21.0,54.0,0.389,5.0,13.0,0.385,16.0,41.0,0.39,0.435,13.0,16.0,0.813,7.0,18.0,25.0,9.0,10.0,1.0,7.0,16.0,17.0,46.0,0.37,3.0,20.0,0.15,14.0,26.0,0.538,0.402,17.0,20.0,0.85,11.0,24.0,35.0,8.0,2.0,0.0,20.0,17.0,95.2,85.6,63.1,0.296,0.241,0.487,41.7,42.9,15.9,3.8,0.435,10.2,22.6,0.241,0.402,26.5,37.9,0.37
26.0,26.0,2026-02-10,@,Western Illinois,REG (Conf),L,70.0,79.0,,28.0,63.0,0.444,6.0,22.0,0.273,22.0,41.0,0.537,0.492,8.0,14.0,0.571,8.0,25.0,33.0,11.0,7.0,3.0,10.0,22.0,26.0,57.0,0.456,8.0,20.0,0.4,18.0,37.0,0.486,0.526,19.0,26.0,0.731,8.0,28.0,36.0,9.0,5.0,4.0,9.0,15.0,98.6,111.3,71.0,0.222,0.349,0.503,47.8,39.3,9.9,8.1,0.492,12.6,22.2,0.127,0.526,11.5,24.2,0.333
27.0,27.0,2026-02-14,,Little Rock,REG (Conf),W,78.0,72.0,,25.0,64.0,0.391,6.0,16.0,0.375,19.0,48.0,0.396,0.438,22.0,30.0,0.733,18.0,19.0,37.0,13.0,7.0,3.0,8.0,14.0,27.0,60.0,0.45,7.0,18.0,0.389,20.0,42.0,0.476,0.508,11.0,18.0,0.611,10.0,19.0,29.0,16.0,4.0,4.0,10.0,20.0,114.0,105.3,68.4,0.469,0.25,0.498,56.1,52.0,10.2,7.1,0.438,9.3,48.6,0.344,0.508,12.7,34.5,0.183
28.0,28.0,2026-02-19,,Morehead State,REG (Conf),L,70.0,73.0,,27.0,62.0,0.435,3.0,16.0,0.188,24.0,46.0,0.522,0.46,13.0,14.0,0.929,9.0,16.0,25.0,14.0,9.0,5.0,9.0,17.0,26.0,49.0,0.531,7.0,20.0,0.35,19.0,29.0,0.655,0.602,14.0,19.0,0.737,5.0,21.0,26.0,17.0,5.0,1.0,14.0,13.0,103.2,107.6,67.8,0.226,0.258,0.51,49.0,51.9,13.3,17.2,0.46,11.6,30.0,0.21,0.602,19.4,23.8,0.286
29.0,29.0,2026-02-21,,Southern Indiana,REG (Conf),L,68.0,70.0,,25.0,64.0,0.391,3.0,10.0,0.3,22.0,54.0,0.407,0.414,15.0,19.0,0.789,18.0,21.0,39.0,13.0,7.0,3.0,10.0,18.0,21.0,51.0,0.412,9.0,17.0,0.529,12.0,34.0,0.353,0.5,19.0,23.0,0.826,7.0,21.0,28.0,15.0,4.0,8.0,11.0,16.0,103.9,106.9,65.5,0.297,0.156,0.466,58.2,52.0,10.7,8.8,0.414,12.0,46.2,0.234,0.5,15.1,25.0,0.373
30.0,30.0,2026-02-26,@,Lindenwood,REG (Conf),W,71.0,67.0,,20.0,49.0,0.408,6.0,9.0,0.667,14.0,40.0,0.35,0.469,25.0,33.0,0.758,7.0,21.0,28.0,12.0,12.0,5.0,12.0,14.0,25.0,66.0,0.379,7.0,24.0,0.292,18.0,42.0,0.429,0.432,10.0,14.0,0.714,17.0,22.0,39.0,11.0,9.0,5.0,14.0,21.0,101.9,96.2,69.7,0.673,0.184,0.549,41.8,60.0,17.2,11.9,0.469,15.7,24.1,0.51,0.432,16.2,44.7,0.152
31.0,31.0,2026-02-28,@,SIU Edwardsville,REG (Conf),L,50.0,77.0,,18.0,47.0,0.383,3.0,19.0,0.158,15.0,28.0,0.536,0.415,11.0,18.0,0.611,5.0,14.0,19.0,6.0,7.0,2.0,11.0,8.0,31.0,57.0,0.544,12.0,27.0,0.444,19.0,30.0,0.633,0.649,3.0,4.0,0.75,9.0,23.0,32.0,21.0,8.0,3.0,11.0,17.0,81.7,125.8,61.2,0.383,0.404,0.45,37.3,33.3,11.4,6.7,0.415,16.5,17.9,0.234,0.649,15.7,39.1,0.053
32.0,32.0,2026-03-04,N,SIU Edwardsville,CTOURN,W,77.0,71.0,OT,31.0,61.0,0.508,4.0,13.0,0.308,27.0,48.0,0.563,0.541,11.0,16.0,0.688,6.0,26.0,32.0,14.0,9.0,4.0,9.0,19.0,23.0,62.0,0.371,12.0,30.0,0.4,11.0,32.0,0.344,0.468,13.0,20.0,0.65,15.0,21.0,36.0,13.0,5.0,4.0,12.0,16.0,109.9,101.4,62.3,0.262,0.213,0.561,47.1,45.2,12.8,12.5,0.541,11.6,22.2,0.18,0.468,14.4,36.6,0.21
33.0,33.0,2026-03-05,N,UT Martin,CTOURN,L,63.0,66.0,,23.0,53.0,0.434,8.0,19.0,0.421,15.0,34.0,0.441,0.509,9.0,13.0,0.692,8.0,24.0,32.0,11.0,6.0,3.0,12.0,19.0,22.0,57.0,0.386,8.0,29.0,0.276,14.0,28.0,0.5,0.456,14.0,18.0,0.778,13.0,25.0,38.0,13.0,5.0,3.0,10.0,13.0,100.2,105.0,62.9,0.245,0.358,0.532,45.7,47.8,9.5,10.7,0.509,16.9,24.2,0.17,0.456,13.2,35.1,0.246
